﻿<?xml version="1.0"?>
<configuration date="2015/04/08" author="e.World Technology Ltd.">
<project id="{0FFB523A-3CD8-44CF-8B71-CD1EA315594B}" file="C:\Users\Siddharth\Documents\PHPMaker\Projects\evolution.pmp" name="evolution" product="PHPMaker" version="10.0" datetime="2015/04/08 11:39:05" languagefolder="phplang" userlevel="">
<table id="asset" name="asset" caption="Asset Management" userlevel="" priv="1"/>
<table id="asset_type" name="asset_type" caption="Asset Type Management" userlevel="" priv="1"/>
<table id="asset_type_extention_association" name="asset_type_extention_association" caption="asset type extention association" userlevel="" priv="1"/>
<table id="content_subtype" name="content_subtype" caption="Content Subtype Management" userlevel="" priv="1"/>
<table id="content_template" name="content_template" caption="Content Template Management " userlevel="" priv="1"/>
<table id="content_type" name="content_type" caption="Content Type Management " userlevel="" priv="1"/>
<table id="content_type_asset_type_association" name="content_type_asset_type_association" caption="content type asset type association" userlevel="" priv="1"/>
<table id="extention" name="extention" caption="Extention Management" userlevel="" priv="1"/>
<table id="module" name="module" caption="Module Management" userlevel="" priv="1"/>
<table id="module_asset_type_association" name="module_asset_type_association" caption="module asset type association" userlevel="" priv="1"/>
<table id="module_association" name="module_association" caption="module association" userlevel="" priv="1"/>
<table id="_page" name="page" caption="Page Management" userlevel="" priv="1"/>
<table id="page_association" name="page_association" caption="page association" userlevel="" priv="1"/>
<table id="product" name="product" caption="Product Management" userlevel="" priv="1"/>
<table id="product_approval" name="product_approval" caption="Product Approval " userlevel="" priv="1"/>
<table id="product_content" name="product_content" caption="Product Content Management " userlevel="" priv="1"/>
<table id="product_content_asset" name="product_content_asset" caption="product content asset" userlevel="" priv="1"/>
<table id="product_content_flow" name="product_content_flow" caption="product content flow" userlevel="" priv="1"/>
<table id="product_display" name="product_display" caption="Product Display Management" userlevel="" priv="1"/>
<table id="product_manager" name="product_manager" caption="product manager" userlevel="" priv="1"/>
<table id="product_review" name="product_review" caption="Product Review" userlevel="" priv="1"/>
<table id="product_sbscription" name="product_sbscription" caption="Product Subscription Management " userlevel="" priv="1"/>
<table id="product_template" name="product_template" caption="Product Template Management " userlevel="" priv="1"/>
<table id="publisher" name="publisher" caption="Publisher Management" userlevel="" priv="1"/>
<table id="sponser" name="sponser" caption="Sponser Management" userlevel="" priv="1"/>
<table id="subscription" name="subscription" caption="Subscription Management" userlevel="" priv="1"/>
<table id="user" name="user" caption="User Management " userlevel="" priv="1"/>
<table id="user_type" name="user_type" caption="User Type Management" userlevel="" priv="1"/>
<table id="page_association" name="page association" caption="page association" userlevel="" priv="1"/>
<table id="module_association_view" name="module_association_view" caption="module association view" userlevel="" priv="1"/>
<table id="content_type_association" name="content_type_association" caption="content type association" userlevel="" priv="1"/>
<table id="asset_type_association" name="asset_type_association" caption="asset type association" userlevel="" priv="1"/>
<table id="extention_association" name="extention_association" caption="extention association" userlevel="" priv="1"/>
</project></configuration>
