﻿<?xml version="1.0"?>
<configuration date="2015/04/11" author="e.World Technology Ltd.">
<project id="{3F4DCFAD-76CE-4EF9-8198-C7C0BA2B5B2C}" file="C:\Users\Siddharth\Documents\PHPMaker\Projects\evolution.pmp" name="evolution" product="PHPMaker" version="10.0" datetime="2015/04/11 10:33:10" languagefolder="phplang" userlevel="">
<table id="asset" name="asset" caption="ASSET MANAGEMENT" userlevel="" priv="1"/>
<table id="asset_type" name="asset_type" caption="ASSET TYPE MANAGEMENT" userlevel="" priv="1"/>
<table id="asset_type_association" name="asset_type_association" caption="Asset Type &amp; Module Association" userlevel="" priv="1"/>
<table id="asset_type_extention_association" name="asset_type_extention_association" caption="ASSET TYPE &amp; EXTENTION ASSOCIATION" userlevel="" priv="1"/>
<table id="content_subtype" name="content_subtype" caption="CONTENT SUBTYPE MANAGEMENT" userlevel="" priv="1"/>
<table id="content_template" name="content_template" caption="CONTENT TEMPLATE MANGEMENT" userlevel="" priv="1"/>
<table id="content_type" name="content_type" caption="CONTENT TYPE MANAGEMENT" userlevel="" priv="1"/>
<table id="content_type_asset_type_association" name="content_type_asset_type_association" caption="CONTENT TYPE &amp; ASSET TYPE ASSOCIATION" userlevel="" priv="1"/>
<table id="content_type_association" name="content_type_association" caption="Content Type &amp; Asset Type Association" userlevel="" priv="1"/>
<table id="extention" name="extention" caption="EXTENTION MANAGEMENT" userlevel="" priv="1"/>
<table id="extention_association" name="extention_association" caption="Asset Type &amp; Extention Association" userlevel="" priv="1"/>
<table id="module" name="module" caption="MODULE MANAGEMENT" userlevel="" priv="1"/>
<table id="module_asset_type_association" name="module_asset_type_association" caption="MODULE &amp; ASSET TYPE ASSOCIATION" userlevel="" priv="1"/>
<table id="module_association" name="module_association" caption="MODULE ASSOCIATION" userlevel="" priv="1"/>
<table id="module_association_view" name="module_association_view" caption="Page &amp; Module association" userlevel="" priv="1"/>
<table id="_page" name="page" caption="PAGE MANAGEMENT" userlevel="" priv="1"/>
<table id="page_association" name="page association" caption="Page &amp; User Type association" userlevel="" priv="1"/>
<table id="page_association" name="page_association" caption="PAGE ASSOCIATION" userlevel="" priv="1"/>
<table id="product" name="product" caption="PRODUCT MANAGEMENT" userlevel="" priv="1"/>
<table id="product_approval" name="product_approval" caption="PRODUCT APPROVAL" userlevel="" priv="1"/>
<table id="product_content" name="product_content" caption="PRODUCT CONTENT MANAGEMENT" userlevel="" priv="1"/>
<table id="product_content_asset" name="product_content_asset" caption="PRODUCT CONTENT ASSET MANAGEMENT" userlevel="" priv="1"/>
<table id="product_content_flow" name="product_content_flow" caption="PRODUCT CONTENT FLOW MANAGEMENT" userlevel="" priv="1"/>
<table id="product_display" name="product_display" caption="PRODUCT DISPLAY MANAGEMENT" userlevel="" priv="1"/>
<table id="product_manager" name="product_manager" caption="PRODUCT MANAGEMENT" userlevel="" priv="1"/>
<table id="product_review" name="product_review" caption="PRODUCT REVIEW" userlevel="" priv="1"/>
<table id="product_sbscription" name="product_sbscription" caption="PRODUCT SUBSCRIPTION MANAGEMENT" userlevel="" priv="1"/>
<table id="product_template" name="product_template" caption="PRODUCT TEMPLATE MANAGEMENT" userlevel="" priv="1"/>
<table id="publisher" name="publisher" caption="PUBLISHER MANAGEMENT" userlevel="" priv="1"/>
<table id="sponser" name="sponser" caption="SPONSER MANGEMENT" userlevel="" priv="1"/>
<table id="subscription" name="subscription" caption="SUBSCRIPTION MANAGEMENT" userlevel="" priv="1"/>
<table id="user" name="user" caption="USER MANAGEMENT" userlevel="" priv="1"/>
<table id="user_type" name="user_type" caption="USER TYPE MANAGEMENT" userlevel="" priv="1"/>
</project></configuration>
